Datos,Iteracioes
F1_bb_train,[1.0, 1.0, 1.0, 1.0, 1.0, 1.0, 1.0, 1.0, 1.0, 1.0]
F1_bb_test,[0.9814285855480988, 1.0, 1.0, 1.0, 0.9628176701347433, 1.0, 0.9804272033187694, 1.0, 1.0, 0.9810685825178578]
F1_ponyGE_train,[0.9685378110417094, 0.9760035535098418, 0.9914564133196798, 0.9788033607403154, 0.9894212273475285, 0.9782792293318312, 0.989382141803535, 0.9647665245526446, 0.9787234042553191, 0.964931421583299]
F1_ponyGE_test,[1.0, 0.980793826964748, 0.9803762800666824, 0.9811112582196919, 0.9602592529421797, 0.69520264681555, 0.7644935709451839, 0.69520264681555, 0.9804272033187694, 0.9804698790206037]
