Datos,Iteracioes
F1_bb_train,[0.9978718966580715, 1.0, 1.0, 1.0, 0.9978763680034565, 1.0, 1.0, 1.0, 1.0, 1.0]
F1_bb_test,[1.0, 1.0, 1.0, 1.0, 1.0, 0.9804272033187694, 0.9804272033187694, 1.0, 1.0, 0.9615384615384616]
F1_ponyGE_train,[0.9848648339580535, 0.9760035535098418, 0.9827029729947866, 0.9870812584880037, 0.9848999862542089, 0.9600945260947398, 0.9448691373615264, 0.950787252119525, 0.9848936551036029, 0.9914559163867115]
F1_ponyGE_test,[0.7006951340615691, 0.7006951340615691, 0.7217675941080196, 1.0, 0.7217675941080196, 0.7217675941080196, 0.8913461538461539, 0.7781905594405595, 0.809035409035409, 0.9615384615384616]
