Datos,Iteracioes
F1_bb_train,[1.0, 1.0, 0.9978682524903568, 0.9978682524903568, 0.9978682524903568, 1.0, 1.0, 1.0, 0.9978681909695643, 1.0]
F1_bb_test,[0.9814285855480988, 1.0, 1.0, 1.0, 1.0, 1.0, 0.9804272033187694, 1.0, 1.0, 0.9810685825178578]
F1_ponyGE_train,[0.9828064540519289, 0.9807728441086598, 0.9892547986081238, 0.9811631675498074, 0.9892547986081238, 0.9768968308969548, 0.9809598084337483, 0.9517807046770361, 0.9832308286744256, 0.9850179272396458]
F1_ponyGE_test,[0.6748293857888399, 0.980793826964748, 0.7217675941080196, 0.7644935709451839, 0.7217675941080196, 0.69520264681555, 0.8846153846153846, 0.7755705832628911, 1.0, 0.941409637061811]
