Datos,Iteracioes
F1_bb_train,[1.0, 1.0, 1.0, 1.0, 1.0, 1.0, 1.0, 1.0, 1.0, 1.0]
F1_bb_test,[1.0, 1.0, 1.0, 0.9912339886514923, 1.0, 1.0, 1.0, 0.9907124515820168, 1.0, 1.0]
F1_ponyGE_train,[0.9921832667323649, 0.9199824835129057, 0.9939047018480266, 0.9404607534396525, 0.9979823340545735, 0.9845571098860778, 0.9864481599456459, 0.9950392268163096, 0.9848150537148093, 0.997997997997998]
F1_ponyGE_test,[0.9912695303999651, 0.9201595962159344, 0.9807816057816057, 0.9179174866378658, 0.6061825280181776, 0.9672107751315673, 0.9907124515820168, 0.4977223702575816, 0.9525061425061424, 0.5354100445009535]
