ave_fitness	ave_genome_length	ave_tree_depth	ave_tree_nodes	ave_used_codons	best_fitness	gen	invalids	max_genome_length	max_tree_depth	max_tree_nodes	max_used_codons	min_genome_length	min_tree_depth	min_tree_nodes	min_used_codons	runtime_error	time_adjust	time_taken	total_inds	total_time	unique_inds	unused_search	
0.3081847029591347	168.9	7.4	146.6	112.6	0.6276545953551463	0	0	441	10	379	294	12	5	11	8	0	0	0.4515397548675537	10	0.4515397548675537	10	0.0	
0.4930316427836764	75.6	8.75	116.25	89.0	0.6276545953551463	1	7	363	10.0	315.0	242.0	10	8.0	29.0	22.0	0	0	0.04672431945800781	20	0.4982640743255615	13	35.0	
0.40964916594583445	240.2	8.2	70.3	53.6	0.6276545953551463	2	7	363	11	315	242	56	7	32	24	0	0	0.08450579643249512	30	0.5827698707580566	21	30.0	
0.4435944690514589	216.0	7.9	68.4	52.0	0.6276545953551463	3	8	379	10	315	242	46	5	11	8	0	0	0.07911443710327148	40	0.6618843078613281	30	25.0	
0.44194958342658	356.1	8.1	71.6	54.4	0.6276545953551463	4	8	459	14	315	242	256	3	3	2	0	0	0.08366680145263672	50	0.7455511093139648	36	28.0	
0.47295388092036683	360.6	9.1	89.6	68.0	0.6276545953551463	5	9	468	15	315	242	253	7	24	18	0	0	0.08244585990905762	60	0.8279969692230225	43	28.33333333333333	
