ave_fitness	ave_genome_length	ave_tree_depth	ave_tree_nodes	ave_used_codons	best_fitness	gen	invalids	max_genome_length	max_tree_depth	max_tree_nodes	max_used_codons	min_genome_length	min_tree_depth	min_tree_nodes	min_used_codons	runtime_error	time_adjust	time_taken	total_inds	total_time	unique_inds	unused_search	
0.4599483244709591	144.3	7.1	125.4	96.2	0.720499742805081	0	0	516	10	445	344	12	5	11	8	0	0	0.4586164951324463	10	0.4586164951324463	10	0.0	
0.3743598504860148	114.5	10.2	84.6	64.4	0.720499742805081	1	6	292	13.0	145.0	112.0	36	6.0	21.0	16.0	0	0	0.05290985107421875	20	0.511526346206665	14	30.0	
0.3398934802368298	78.1	9.5	66.83333333333333	50.333333333333336	0.720499742805081	2	11	159	13.0	135.0	102.0	23	6.0	19.0	14.0	0	0	0.037476301193237305	30	0.5490026473999023	16	46.666666666666664	
0.4729964563813662	86.7	9.0	52.857142857142854	40.0	0.7275703263537298	3	15	183	13.0	116.0	88.0	35	6.0	19.0	14.0	0	0	0.08015298843383789	40	0.6291556358337402	21	47.5	
0.37978629345673265	77.2	9.375	64.25	48.75	0.7275703263537298	4	18	146	15.0	158.0	120.0	19	3.0	3.0	2.0	0	0	0.08458662033081055	50	0.7137422561645508	28	43.99999999999999	
0.5121285021607928	96.7	8.666666666666666	63.44444444444444	48.0	0.7275703263537298	5	20	187	13.0	121.0	92.0	27	3.0	3.0	2.0	0	0	0.0614933967590332	60	0.775235652923584	34	43.333333333333336	
