Datos,Iteracioes
F1_bb_train,[0.9994727629204547, 0.9994727629204547, 1.0, 1.0, 1.0, 0.9989477228235762, 0.9989477228235762, 1.0, 1.0, 1.0]
F1_bb_test,[1.0, 0.995229650472624, 1.0, 1.0, 0.9952308447987288, 0.9952893565680709, 0.990399699488999, 0.9952893565680709, 0.990521327014218, 0.9952069716775599]
F1_ponyGE_train,[0.9744202732839644, 0.9138082499277629, 0.9914855843344476, 0.9994734962997771, 0.9871515269030211, 0.9904077037182774, 0.9978895912337747, 0.9474755397415249, 0.983840640869812, 0.9925646326646486]
F1_ponyGE_test,[0.9854914449391371, 0.9125962883235199, 0.9805154792141256, 1.0, 0.990521327014218, 0.9855136221459052, 0.9906429545394372, 0.9254560029251689, 0.9952308447987288, 0.9903439153439154]
