Datos,Iteracioes
F1_bb_train,[1.0, 1.0, 1.0, 1.0, 1.0, 1.0, 1.0, 1.0, 1.0, 1.0]
F1_bb_test,[1.0, 1.0, 1.0, 1.0, 0.9952308447987288, 1.0, 1.0, 1.0, 0.9952893565680709, 1.0]
F1_ponyGE_train,[0.9898965013282813, 0.9072100577759361, 0.9957672445822061, 0.8873355459157829, 0.9760724991725835, 0.9942478545170974, 0.9384838040368385, 0.991145616391831, 0.9802208020592308, 0.9533392546315804]
F1_ponyGE_test,[0.9906383177856634, 0.9241706161137441, 0.995229650472624, 0.8645540595639458, 0.985688951417872, 0.9952893565680709, 0.9166872380112822, 0.9952893565680709, 0.9858648807518962, 0.9596023024594452]
