Datos,Iteracioes
F1_bb_train,[0.9994734947247025, 0.9994734947247025, 0.9994734947247025, 0.9994734962997771, 1.0, 0.9994734962997771, 0.9994734962997771, 0.9994734962997771, 1.0, 0.9994737720298342]
F1_bb_test,[1.0, 1.0, 1.0, 1.0, 0.9952308447987288, 1.0, 0.9952893565680709, 0.9952308447987288, 0.9952893565680709, 1.0]
F1_ponyGE_train,[0.9994734931598779, 0.9936237126824992, 0.976040543930955, 0.9882230562503495, 0.9871515269030211, 0.9968299199393214, 0.9843928704406516, 0.9743402183708878, 0.9973711247693793, 0.9909387175885612]
F1_ponyGE_test,[1.0, 0.995229650472624, 0.9703275152694992, 0.9805364453277616, 0.990521327014218, 1.0, 0.9652427852689516, 0.9597914839931776, 1.0, 0.9854226872720869]
Datos,Iteracioes
F1_bb_train,[0.9994734947247025, 0.9994734947247025, 0.9994734947247025, 0.9994734962997771, 1.0, 0.9994734962997771, 0.9994734962997771, 0.9994734962997771, 1.0, 0.9994737720298342]
F1_bb_test,[1.0, 1.0, 1.0, 1.0, 0.9952308447987288, 1.0, 0.9952893565680709, 0.9952308447987288, 0.9952893565680709, 1.0]
F1_ponyGE_train,[0.967442099535912, 0.9622638778729888, 0.9989477103048752, 0.9994734947247025, 0.8825479001561787, 0.9957612106612029, 0.8926486549848319, 0.9952279458284767, 0.9804686167736574, 0.9816422941884833]
F1_ponyGE_test,[0.9814931193780428, 0.9719149533569897, 1.0, 1.0, 0.9195829679863554, 0.9952308447987288, 0.8623582726377301, 1.0, 0.9769451007478729, 0.9804232804232804]
