Datos,Iteracioes
F1_bb_train,[0.8442307692307693, 0.8575950804573644, 0.8595050079172903, 0.8501021182689583, 0.8668876554575948, 0.8447022647005273, 0.8521105346497794, 0.8611686266187223, 0.8520973949528832, 0.8632106578312874]
F1_bb_test,[0.6063458487572713, 0.54987496526813, 0.6333333333333333, 0.5647321428571428, 0.54987496526813, 0.5666666666666667, 0.5832175604334537, 0.5822890559732665, 0.46428571428571425, 0.6329254727474972]
F1_ponyGE_train,[0.6023079422202228, 0.6267781444248564, 0.6336653358323237, 0.6454976285755505, 0.6432971364912642, 0.63365330814173, 0.6278599387193, 0.6166170285662107, 0.5933456561922366, 0.611771565129443]
F1_ponyGE_test,[0.5044465873781208, 0.548111888111888, 0.6666666666666666, 0.6130305643384114, 0.6485380116959064, 0.5995550611790877, 0.4988876529477197, 0.5179788484136311, 0.5666666666666668, 0.5741113346747149]
