Datos,Iteracioes
F1_bb_train,[0.9920006402561026, 0.9859992715075391, 0.9859978145226174, 0.996, 0.9719892369786661, 0.9659946924120707, 0.9840319361277445, 0.9840302809575083, 0.9800378511968854, 0.9860285009870335]
F1_bb_test,[0.15396978463516553, 0.03448275862068965, 0.16098200045568464, 0.14285714285714285, 0.08841198775640734, 0.14285714285714285, 0.12727272727272726, 0.09030784030784032, 0.12553653243308416, 0.16308321308321308]
F1_ponyGE_train,[0.5333373197666008, 0.5320898790090264, 0.5390540453698348, 0.5420458045804581, 0.536968712670584, 0.5534512471655328, 0.5427283977260946, 0.5330346480639869, 0.5337276536602394, 0.532915523534604]
F1_ponyGE_test,[0.644717261904762, 0.588630667578036, 0.5692307692307693, 0.6603887797523871, 0.6414746543778802, 0.5846650135464022, 0.688854648176682, 0.5636363636363636, 0.6189401462489844, 0.6363636363636364]
